T1;S1;T2;S2;T3;S3;T4;S4
0;-0.07;0;-0.072;0;-0.07;0;-0.07
0.05;-0.07;0.06;-0.072;0.05;-0.07;0;-0.07
0.11;-0.07;0.11;-0.072;0.1;-0.07;0.06;-0.07
0.16;-0.07;0.16;-0.072;0.16;-0.07;0.11;-0.07
0.21;-0.07;0.21;-0.072;0.21;-0.07;0.16;-0.07
0.26;-0.07;0.26;-0.072;0.25;-0.07;0.2;-0.07
0.31;-0.07;0.3;-0.072;0.3;-0.07;0.26;-0.07
0.36;-0.07;0.36;-0.071;0.35;-0.07;0.31;-0.07
0.41;-0.07;0.41;-0.071;0.41;-0.07;0.37;-0.07
0.46;-0.07;0.46;-0.07;0.46;-0.07;0.41;-0.07
0.51;-0.07;0.51;-0.069;0.51;-0.07;0.45;-0.07
0.57;-0.07;0.56;-0.067;0.55;-0.07;0.51;-0.07
0.61;-0.07;0.61;-0.063;0.61;-0.07;0.56;-0.07
0.66;-0.07;0.67;-0.059;0.66;-0.07;0.62;-0.069
0.7;-0.07;0.71;-0.053;0.71;-0.07;0.66;-0.068
0.76;-0.07;0.76;-0.046;0.76;-0.069;0.72;-0.064
0.8;-0.07;0.82;-0.035;0.81;-0.067;0.75;-0.061
0.86;-0.07;0.86;-0.026;0.86;-0.064;0.81;-0.054
0.91;-0.07;0.9;-0.017;0.91;-0.058;0.87;-0.045
0.97;-0.07;0.97;-0.001;0.96;-0.051;0.92;-0.034
1.01;-0.07;1.02;0.012;1;-0.044;0.96;-0.024
1.08;-0.07;1.05;0.019;1.05;-0.033;1;-0.015
1.11;-0.07;1.12;0.033;1.11;-0.018;1.07;0.004
1.15;-0.07;1.16;0.038;1.17;-0.001;1.11;0.016
1.21;-0.07;1.22;0.045;1.2;0.008;1.17;0.029
1.27;-0.07;1.26;0.047;1.27;0.026;1.21;0.038
1.31;-0.07;1.32;0.05;1.32;0.04;1.27;0.046
1.36;-0.07;1.37;0.051;1.38;0.048;1.31;0.051
1.42;-0.07;1.41;0.051;1.4;0.051;1.35;0.053
1.47;-0.07;1.46;0.051;1.47;0.056;1.41;0.055
1.52;-0.07;1.51;0.05;1.5;0.056;1.48;0.056
1.56;-0.07;1.58;0.046;1.57;0.057;1.51;0.056
1.6;-0.07;1.63;0.043;1.61;0.057;1.56;0.056
1.66;-0.07;1.66;0.039;1.67;0.057;1.62;0.056
1.73;-0.07;1.73;0.03;1.73;0.057;1.67;0.054
1.76;-0.07;1.75;0.026;1.75;0.057;1.7;0.052
1.82;-0.07;1.81;0.013;1.83;0.055;1.76;0.047
1.86;-0.069;1.86;0.003;1.85;0.054;1.83;0.037
1.92;-0.067;1.91;-0.007;1.93;0.045;1.85;0.034
1.95;-0.065;1.95;-0.015;1.96;0.04;1.92;0.019
2.03;-0.058;2.02;-0.028;2.02;0.027;1.95;0.012
2.08;-0.051;2.07;-0.036;2.06;0.015;2;-0.001
2.1;-0.047;2.1;-0.04;2.11;0.001;2.08;-0.018
2.16;-0.035;2.16;-0.047;2.17;-0.014;2.13;-0.028
2.23;-0.019;2.22;-0.053;2.2;-0.022;2.16;-0.034
2.25;-0.013;2.29;-0.056;2.25;-0.034;2.23;-0.045
2.31;0.005;2.32;-0.057;2.3;-0.043;2.28;-0.05
2.36;0.019;2.38;-0.058;2.38;-0.054;2.32;-0.054
2.41;0.032;2.4;-0.058;2.44;-0.06;2.37;-0.057
2.45;0.039;2.49;-0.055;2.51;-0.064;2.41;-0.059
2.5;0.047;2.52;-0.054;2.55;-0.065;2.5;-0.06
2.57;0.053;2.55;-0.051;2.56;-0.065;2.53;-0.059
2.6;0.055;2.62;-0.045;2.63;-0.066;2.58;-0.058
2.67;0.056;2.68;-0.038;2.65;-0.066;2.6;-0.056
2.7;0.056;2.74;-0.029;2.71;-0.064;2.66;-0.052
2.75;0.056;2.79;-0.02;2.76;-0.061;2.71;-0.048
2.81;0.056;2.83;-0.011;2.84;-0.054;2.76;-0.042
2.85;0.056;2.85;-0.007;2.87;-0.051;2.85;-0.028
2.92;0.055;2.91;0.005;2.93;-0.041;2.87;-0.024
2.97;0.052;2.98;0.018;2.95;-0.037;2.91;-0.016
3.01;0.049;3;0.022;3;-0.026;2.96;-0.006
3.07;0.039;3.07;0.033;3.07;-0.012;3.01;0.004
3.1;0.033;3.1;0.037;3.1;-0.001;3.06;0.015
3.17;0.017;3.16;0.043;3.17;0.015;3.11;0.024
3.22;0.001;3.22;0.047;3.2;0.023;3.15;0.03
3.25;-0.006;3.29;0.049;3.25;0.034;3.21;0.039
3.3;-0.019;3.33;0.049;3.32;0.045;3.28;0.045
3.35;-0.032;3.38;0.049;3.37;0.05;3.3;0.046
3.4;-0.043;3.43;0.049;3.4;0.052;3.35;0.049
3.47;-0.053;3.46;0.048;3.46;0.055;3.42;0.05
3.51;-0.059;3.52;0.045;3.53;0.056;3.47;0.051
3.55;-0.062;3.56;0.041;3.55;0.056;3.5;0.051
3.63;-0.067;3.6;0.037;3.61;0.056;3.57;0.048
3.65;-0.068;3.67;0.028;3.68;0.056;3.62;0.046
3.72;-0.069;3.7;0.023;3.72;0.055;3.67;0.042
3.75;-0.069;3.76;0.013;3.78;0.051;3.7;0.039
3.82;-0.067;3.8;0.004;3.83;0.046;3.76;0.031
3.87;-0.065;3.85;-0.006;3.88;0.039;3.81;0.023
3.9;-0.063;3.91;-0.018;3.93;0.03;3.86;0.014
3.97;-0.056;3.96;-0.027;3.96;0.023;3.92;0.004
4;-0.051;4.03;-0.037;4.03;0.007;3.95;-0.002
4.05;-0.043;4.06;-0.04;4.09;-0.009;4;-0.011
4.13;-0.027;4.12;-0.047;4.1;-0.011;4.07;-0.021
4.15;-0.021;4.16;-0.05;4.15;-0.022;4.12;-0.029
4.22;-0.003;4.22;-0.053;4.23;-0.038;4.15;-0.033
4.27;0.012;4.26;-0.054;4.28;-0.045;4.2;-0.038
4.32;0.023;4.32;-0.055;4.3;-0.048;4.27;-0.044
4.38;0.037;4.39;-0.055;4.36;-0.054;4.31;-0.046
4.4;0.041;4.4;-0.054;4.41;-0.057;4.35;-0.048
4.46;0.049;4.47;-0.05;4.46;-0.06;4.41;-0.049
4.54;0.054;4.5;-0.048;4.5;-0.061;4.45;-0.048
4.59;0.055;4.55;-0.043;4.56;-0.061;4.52;-0.047
4.6;0.055;4.61;-0.036;4.6;-0.061;4.57;-0.044
4.67;0.056;4.69;-0.026;4.66;-0.058;4.6;-0.042
4.7;0.056;4.71;-0.021;4.73;-0.054;4.67;-0.036
4.75;0.056;4.77;-0.011;4.75;-0.052;4.7;-0.033
4.83;0.055;4.8;-0.005;4.82;-0.044;4.75;-0.027
4.85;0.054;4.86;0.007;4.86;-0.037;4.83;-0.016
4.92;0.05;4.92;0.017;4.9;-0.031;4.85;-0.013
4.97;0.044;4.96;0.024;4.96;-0.02;4.92;-0.001
5.02;0.036;5.02;0.033;5;-0.01;4.95;0.003
5.05;0.029;5.07;0.038;5.05;0.001;5.01;0.013
5.1;0.017;5.12;0.043;5.11;0.015;5.06;0.02
5.17;-0.003;5.15;0.044;5.18;0.028;5.12;0.027
5.23;-0.017;5.22;0.047;5.23;0.037;5.17;0.032
5.25;-0.023;5.26;0.048;5.25;0.04;5.21;0.036
5.32;-0.037;5.3;0.048;5.3;0.046;5.25;0.038
5.38;-0.048;5.39;0.047;5.37;0.051;5.3;0.041
5.43;-0.056;5.42;0.045;5.42;0.053;5.37;0.042
5.48;-0.06;5.48;0.041;5.45;0.054;5.41;0.042
5.5;-0.062;5.51;0.039;5.51;0.054;5.45;0.042
5.55;-0.065;5.57;0.032;5.57;0.054;5.51;0.04
5.62;-0.067;5.6;0.028;5.62;0.053;5.56;0.038
5.7;-0.067;5.67;0.017;5.65;0.052;5.61;0.034
5.74;-0.067;5.72;0.008;5.72;0.047;5.65;0.03
5.78;-0.065;5.78;-0.005;5.78;0.041;5.71;0.024
5.81;-0.063;5.81;-0.009;5.8;0.038;5.76;0.017
5.88;-0.057;5.87;-0.019;5.87;0.027;5.8;0.012
5.9;-0.055;5.94;-0.031;5.9;0.02;5.86;0.004
5.96;-0.047;5.96;-0.033;5.95;0.01;5.92;-0.004
6.03;-0.033;6.02;-0.041;6.01;-0.004;6;-0.016
6.06;-0.028;6.07;-0.045;6.08;-0.018;6.02;-0.017
6.13;-0.011;6.14;-0.05;6.1;-0.022;6.09;-0.024
6.15;-0.004;6.16;-0.051;6.17;-0.034;6.1;-0.026
6.21;0.011;6.23;-0.053;6.22;-0.041;6.17;-0.031
6.27;0.027;6.25;-0.053;6.25;-0.044;6.23;-0.035
6.33;0.038;6.3;-0.053;6.33;-0.051;6.25;-0.036
6.38;0.046;6.36;-0.051;6.38;-0.054;6.31;-0.037
6.44;0.051;6.43;-0.047;6.4;-0.055;6.38;-0.038
6.45;0.052;6.48;-0.043;6.49;-0.056;6.43;-0.037
6.5;0.054;6.52;-0.038;6.52;-0.056;6.47;-0.036
6.58;0.055;6.58;-0.031;6.58;-0.054;6.53;-0.034
6.6;0.055;6.6;-0.028;6.6;-0.053;6.56;-0.031
6.66;0.055;6.67;-0.017;6.67;-0.049;6.62;-0.027
6.72;0.055;6.71;-0.009;6.7;-0.046;6.65;-0.024
6.78;0.054;6.79;0.004;6.75;-0.04;6.72;-0.018
6.83;0.051;6.83;0.012;6.81;-0.031;6.76;-0.013
6.86;0.049;6.88;0.02;6.86;-0.023;6.82;-0.006
6.9;0.043;6.91;0.024;6.95;-0.008;6.85;-0.002
6.97;0.033;6.97;0.032;6.98;-0.001;6.9;0.004
7.04;0.015;7;0.035;7;0.003;6.96;0.011
7.08;0.007;7.05;0.04;7.05;0.014;7.03;0.018
7.14;-0.01;7.12;0.044;7.13;0.027;7.1;0.024
7.15;-0.013;7.15;0.045;7.15;0.031;7.18;0.029
7.22;-0.03;7.21;0.045;7.2;0.038;7.23;0.031
7.27;-0.039;7.27;0.046;7.25;0.044;7.28;0.032
7.33;-0.048;7.32;0.045;7.32;0.048;7.33;0.033
7.39;-0.055;7.37;0.043;7.35;0.049;7.36;0.033
7.41;-0.059;7.4;0.041;7.41;0.051;7.37;0.033
7.47;-0.062;7.46;0.036;7.47;0.051;7.43;0.032
7.5;-0.064;7.52;0.029;7.5;0.051;7.45;0.031
7.58;-0.065;7.57;0.022;7.56;0.049;7.52;0.028
7.63;-0.066;7.6;0.017;7.63;0.046;7.55;0.026
7.68;-0.065;7.66;0.006;7.67;0.042;7.6;0.022
7.71;-0.063;7.73;-0.005;7.73;0.036;7.66;0.017
7.76;-0.06;7.78;-0.014;7.77;0.031;7.73;0.01
7.83;-0.053;7.81;-0.019;7.81;0.023;7.76;0.007
7.85;-0.051;7.87;-0.027;7.86;0.014;7.83;0
7.91;-0.043;7.91;-0.033;7.91;0.004;7.85;-0.002
7.96;-0.033;7.97;-0.039;7.98;-0.009;7.92;-0.009
8.02;-0.021;8.01;-0.043;8.04;-0.018;7.99;-0.015
8.05;-0.013;8.08;-0.047;8.05;-0.02;8;-0.016
8.12;0.003;8.13;-0.049;8.1;-0.028;8.08;-0.021
8.15;0.012;8.2;-0.05;8.17;-0.037;8.1;-0.023
8.21;0.025;8.25;-0.05;8.2;-0.04;8.17;-0.026
8.28;0.039;8.28;-0.049;8.25;-0.045;8.2;-0.027
8.3;0.042;8.34;-0.047;8.31;-0.048;8.26;-0.028
8.38;0.05;8.36;-0.045;8.38;-0.05;8.31;-0.028
8.44;0.053;8.42;-0.04;8.41;-0.051;8.37;-0.028
8.45;0.053;8.45;-0.037;8.49;-0.05;8.4;-0.027
8.52;0.055;8.52;-0.03;8.5;-0.05;8.48;-0.024
8.57;0.055;8.57;-0.023;8.57;-0.046;8.54;-0.021
8.61;0.055;8.6;-0.017;8.63;-0.042;8.55;-0.02
8.68;0.054;8.66;-0.007;8.65;-0.04;8.62;-0.015
8.7;0.053;8.72;0.003;8.72;-0.032;8.65;-0.013
8.77;0.049;8.76;0.008;8.77;-0.026;8.73;-0.007
8.8;0.047;8.8;0.015;8.8;-0.02;8.78;-0.002
8.85;0.041;8.86;0.025;8.91;-0.003;8.8;0
8.91;0.029;8.9;0.029;8.93;0.001;8.86;0.005
8.96;0.018;8.96;0.036;8.95;0.005;8.9;0.008
9.05;-0.002;9.02;0.04;9;0.014;8.96;0.013
9.07;-0.007;9.05;0.041;9.05;0.022;9.02;0.016
9.14;-0.024;9.1;0.043;9.12;0.031;9.07;0.02
9.15;-0.027;9.17;0.044;9.16;0.036;9.12;0.022
9.22;-0.04;9.21;0.044;9.21;0.04;9.17;0.024
9.27;-0.048;9.26;0.043;9.27;0.044;9.22;0.024
9.3;-0.051;9.3;0.041;9.3;0.046;9.27;0.025
9.36;-0.058;9.36;0.037;9.36;0.047;9.3;0.025
9.4;-0.06;9.43;0.031;9.43;0.047;9.37;0.024
9.47;-0.063;9.45;0.028;9.45;0.047;9.42;0.022
9.51;-0.064;9.5;0.021;9.52;0.044;9.46;0.021
9.58;-0.064;9.56;0.012;9.58;0.041;9.52;0.018
9.6;-0.063;9.61;0.004;9.6;0.039;9.56;0.016
9.68;-0.06;9.66;-0.004;9.66;0.033;9.6;0.013
9.7;-0.059;9.72;-0.013;9.71;0.026;9.65;0.009
9.77;-0.052;9.76;-0.019;9.76;0.019;9.72;0.004
9.83;-0.043;9.8;-0.025;9.81;0.011;9.75;0.002
9.87;-0.037;9.88;-0.034;9.87;0.001;9.81;-0.002
9.96;-0.02;9.95;-0.04;9.9;-0.004;9.86;-0.007
9.98;-0.015;10;-0.044;9.96;-0.013;9.91;-0.01
10;-0.01;10.04;-0.045;10.03;-0.023;9.96;-0.013
10.05;0.002;10.1;-0.047;10.07;-0.028;10.01;-0.015
10.12;0.019;10.13;-0.047;10.1;-0.032;10.05;-0.017
10.15;0.025;10.15;-0.047;10.16;-0.037;10.1;-0.019
10.21;0.036;10.21;-0.047;10.23;-0.042;10.17;-0.02
10.27;0.045;10.27;-0.044;10.25;-0.043;10.22;-0.02
10.31;0.048;10.32;-0.041;10.32;-0.045;10.25;-0.021
10.37;0.051;10.39;-0.036;10.35;-0.045;10.32;-0.02
10.44;0.053;10.43;-0.031;10.4;-0.045;10.37;-0.019
10.5;0.054;10.47;-0.026;10.47;-0.043;10.42;-0.017
10.51;0.054;10.5;-0.022;10.5;-0.042;10.47;-0.016
10.58;0.054;10.57;-0.012;10.55;-0.038;10.51;-0.014
10.62;0.053;10.62;-0.004;10.63;-0.031;10.55;-0.012
10.66;0.051;10.69;0.007;10.68;-0.026;10.6;-0.008
10.7;0.049;10.7;0.009;10.7;-0.023;10.67;-0.004
10.77;0.042;10.77;0.019;10.77;-0.014;10.72;-0.001
10.84;0.03;10.83;0.027;10.81;-0.007;10.75;0
10.92;0.013;10.88;0.031;10.89;0.006;10.81;0.004
10.95;0.007;10.92;0.035;10.9;0.007;10.88;0.008
10.95;0.005;10.99;0.039;10.96;0.015;10.9;0.009
11;-0.006;11.01;0.04;11.02;0.024;10.96;0.012
11.07;-0.021;11.05;0.041;11.07;0.029;11.02;0.014
11.1;-0.028;11.12;0.041;11.11;0.033;11.09;0.016
11.17;-0.041;11.15;0.041;11.15;0.036;11.1;0.017
11.2;-0.045;11.22;0.04;11.21;0.04;11.17;0.018
11.27;-0.053;11.28;0.036;11.25;0.041;11.2;0.018
11.33;-0.058;11.33;0.033;11.3;0.042;11.26;0.018
11.35;-0.059;11.38;0.028;11.35;0.042;11.32;0.017
11.4;-0.061;11.4;0.025;11.41;0.042;11.36;0.016
11.47;-0.063;11.46;0.018;11.47;0.039;11.42;0.014
11.54;-0.062;11.52;0.009;11.53;0.035;11.47;0.012
11.56;-0.061;11.55;0.004;11.58;0.031;11.5;0.011
11.63;-0.057;11.62;-0.006;11.6;0.029;11.56;0.008
11.65;-0.056;11.68;-0.015;11.65;0.024;11.62;0.005
11.73;-0.048;11.73;-0.022;11.72;0.014;11.66;0.003
11.78;-0.041;11.78;-0.028;11.75;0.01;11.72;0
11.8;-0.037;11.83;-0.033;11.82;0;11.77;-0.003
11.91;-0.015;11.85;-0.035;11.86;-0.006;11.84;-0.006
11.94;-0.01;11.9;-0.039;11.91;-0.012;11.85;-0.007
11.95;-0.007;11.97;-0.043;11.97;-0.02;11.91;-0.009
12.03;0.011;12.05;-0.045;12;-0.024;11.96;-0.011
12.08;0.023;12.06;-0.045;12.05;-0.028;12.01;-0.012
12.1;0.027;12.1;-0.045;12.11;-0.034;12.06;-0.013
12.16;0.037;12.18;-0.043;12.16;-0.036;12.11;-0.014
12.2;0.043;12.23;-0.041;12.23;-0.039;12.18;-0.014
12.25;0.047;12.27;-0.038;12.26;-0.04;12.23;-0.014
12.33;0.051;12.31;-0.034;12.33;-0.04;12.25;-0.014
12.35;0.052;12.36;-0.029;12.37;-0.039;12.32;-0.013
12.41;0.053;12.41;-0.024;12.4;-0.038;12.35;-0.012
12.47;0.053;12.47;-0.016;12.46;-0.035;12.4;-0.011
12.52;0.053;12.5;-0.013;12.53;-0.03;12.46;-0.009
12.55;0.052;12.57;-0.003;12.55;-0.029;12.52;-0.007
12.62;0.049;12.62;0.005;12.61;-0.023;12.56;-0.005
12.65;0.046;12.67;0.012;12.66;-0.017;12.62;-0.002
12.72;0.039;12.7;0.016;12.74;-0.008;12.66;0
12.75;0.034;12.77;0.025;12.76;-0.005;12.74;0.002
12.8;0.025;12.83;0.03;12.82;0.004;12.75;0.003
12.87;0.011;12.85;0.032;12.85;0.007;12.82;0.006
12.9;0.003;12.91;0.036;12.91;0.015;12.87;0.008
12.96;-0.011;12.95;0.037;12.96;0.021;12.91;0.008
13.02;-0.022;13.02;0.039;13.01;0.026;12.98;0.01
13.05;-0.029;13.05;0.039;13.05;0.029;13;0.011
13.12;-0.04;13.1;0.039;13.12;0.034;13.06;0.012
13.17;-0.047;13.18;0.037;13.15;0.035;13.12;0.012
13.24;-0.055;13.21;0.035;13.23;0.038;13.18;0.012
13.29;-0.057;13.27;0.031;13.25;0.038;13.2;0.012
13.32;-0.059;13.32;0.026;13.31;0.038;13.27;0.011
13.39;-0.061;13.35;0.023;13.37;0.036;13.33;0.01
13.45;-0.061;13.4;0.017;13.42;0.034;13.36;0.01
13.46;-0.06;13.46;0.008;13.47;0.031;13.41;0.008
13.52;-0.058;13.52;0.001;13.5;0.029;13.48;0.006
13.55;-0.057;13.55;-0.005;13.55;0.024;13.5;0.005
13.61;-0.052;13.6;-0.011;13.62;0.017;13.57;0.003
13.68;-0.045;13.67;-0.02;13.68;0.01;13.62;0.001
13.7;-0.041;13.71;-0.025;13.7;0.008;13.67;0
13.77;-0.031;13.75;-0.029;13.77;-0.001;13.71;-0.002
13.81;-0.023;13.83;-0.035;13.82;-0.008;13.77;-0.004
13.87;-0.011;13.85;-0.037;13.87;-0.013;13.8;-0.005
13.91;-0.001;13.91;-0.04;13.91;-0.018;13.87;-0.006
13.95;0.008;13.97;-0.041;13.95;-0.021;13.93;-0.008
14;0.019;14;-0.042;14.03;-0.028;13.95;-0.008
14.07;0.031;14.07;-0.041;14.05;-0.029;14.02;-0.009
14.15;0.042;14.13;-0.039;14.12;-0.032;14.05;-0.009
14.15;0.043;14.15;-0.039;14.16;-0.034;14.11;-0.009
14.22;0.048;14.22;-0.035;14.23;-0.035;14.17;-0.009
14.27;0.05;14.25;-0.032;14.26;-0.035;14.23;-0.008
14.32;0.052;14.32;-0.026;14.31;-0.034;14.25;-0.008
14.38;0.052;14.37;-0.021;14.36;-0.032;14.31;-0.008
14.4;0.052;14.4;-0.016;14.41;-0.03;14.38;-0.006
14.45;0.052;14.47;-0.007;14.46;-0.027;14.43;-0.005
14.52;0.049;14.5;-0.003;14.53;-0.021;14.45;-0.004
14.58;0.046;14.55;0.004;14.59;-0.016;14.52;-0.002
14.6;0.044;14.62;0.012;14.63;-0.012;14.55;-0.002
14.67;0.036;14.65;0.017;14.65;-0.009;14.61;0
14.7;0.031;14.73;0.025;14.71;-0.003;14.68;0.002
14.76;0.019;14.77;0.029;14.77;0.004;14.7;0.003
14.82;0.007;14.8;0.031;14.81;0.009;14.77;0.004
14.86;-0.003;14.87;0.034;14.86;0.014;14.83;0.006
14.9;-0.011;14.92;0.036;14.91;0.019;14.85;0.006
15.01;-0.031;14.95;0.037;14.97;0.024;14.92;0.007
15.03;-0.035;15.02;0.037;15.01;0.027;14.97;0.007
15.05;-0.038;15.07;0.036;15.06;0.03;15.03;0.008
15.1;-0.045;15.1;0.035;15.11;0.032;15.05;0.008
15.16;-0.051;15.16;0.031;15.17;0.033;15.12;0.008
15.22;-0.055;15.2;0.029;15.2;0.033;15.17;0.008
15.27;-0.057;15.25;0.025;15.26;0.033;15.2;0.007
15.31;-0.059;15.3;0.019;15.3;0.032;15.26;0.006
15.38;-0.059;15.35;0.013;15.37;0.03;15.32;0.006
15.4;-0.059;15.4;0.007;15.4;0.028;15.38;0.004
15.47;-0.056;15.46;-0.001;15.46;0.024;15.43;0.004
15.52;-0.053;15.51;-0.006;15.51;0.019;15.47;0.003
15.57;-0.049;15.56;-0.014;15.56;0.014;15.5;0.002
15.62;-0.043;15.63;-0.021;15.62;0.009;15.56;0.001
15.65;-0.038;15.65;-0.023;15.66;0.004;15.62;-0.001
15.71;-0.029;15.72;-0.03;15.75;-0.006;15.65;-0.001
15.76;-0.021;15.75;-0.032;15.76;-0.006;15.73;-0.003
15.8;-0.011;15.8;-0.035;15.83;-0.013;15.75;-0.003
15.87;0.004;15.87;-0.038;15.85;-0.015;15.81;-0.004
15.99;0.027;15.93;-0.039;15.92;-0.02;15.87;-0.005
16.01;0.03;15.95;-0.039;15.95;-0.022;15.9;-0.005
16.02;0.031;16.02;-0.039;16;-0.025;15.95;-0.005
16.07;0.039;16.05;-0.038;16.05;-0.028;16.02;-0.005
16.13;0.045;16.13;-0.035;16.11;-0.029;16.08;-0.005
16.18;0.048;16.15;-0.033;16.18;-0.03;16.11;-0.005
16.24;0.05;16.21;-0.029;16.22;-0.03;16.17;-0.005
16.25;0.051;16.27;-0.023;16.25;-0.029;16.21;-0.004
16.32;0.051;16.3;-0.02;16.3;-0.028;16.28;-0.004
16.38;0.051;16.37;-0.013;16.36;-0.025;16.32;-0.003
16.4;0.05;16.42;-0.006;16.41;-0.022;16.35;-0.003
16.47;0.048;16.47;0;16.45;-0.02;16.42;-0.002
16.52;0.044;16.52;0.007;16.52;-0.014;16.48;-0.001
16.57;0.039;16.57;0.013;16.58;-0.009;16.5;0
16.62;0.033;16.63;0.019;16.6;-0.007;16.57;0.001
16.67;0.025;16.65;0.021;16.66;-0.001;16.61;0.001
16.7;0.018;16.72;0.027;16.73;0.006;16.67;0.002
16.77;0.005;16.78;0.031;16.75;0.008;16.7;0.003
16.83;-0.009;16.8;0.032;16.82;0.014;16.76;0.004
16.85;-0.013;16.87;0.034;16.88;0.019;16.83;0.004
16.92;-0.026;16.93;0.035;16.9;0.02;16.86;0.004
16.95;-0.031;16.97;0.034;16.97;0.024;16.92;0.004
17;-0.039;17.01;0.033;17;0.026;16.97;0.004
17.07;-0.046;17.07;0.031;17.09;0.028;17;0.004
17.1;-0.049;17.1;0.029;17.12;0.028;17.06;0.004
17.15;-0.053;17.17;0.025;17.18;0.028;17.1;0.004
17.2;-0.055;17.22;0.02;17.2;0.028;17.18;0.004
17.32;-0.057;17.25;0.017;17.25;0.027;17.21;0.004
17.32;-0.057;17.32;0.009;17.32;0.025;17.25;0.003
17.35;-0.057;17.37;0.003;17.36;0.023;17.3;0.003
17.4;-0.055;17.4;-0.001;17.43;0.018;17.37;0.002
17.47;-0.05;17.47;-0.008;17.46;0.016;17.43;0.001
17.5;-0.047;17.52;-0.015;17.54;0.009;17.45;0.001
17.55;-0.042;17.57;-0.019;17.57;0.007;17.52;0
17.6;-0.035;17.64;-0.026;17.61;0.003;17.56;0
17.67;-0.024;17.67;-0.028;17.65;-0.001;17.62;-0.001
17.73;-0.013;17.72;-0.032;17.73;-0.008;17.68;-0.001
17.76;-0.007;17.75;-0.033;17.77;-0.011;17.7;-0.002
17.83;0.007;17.81;-0.036;17.8;-0.013;17.76;-0.002
17.88;0.018;17.88;-0.037;17.86;-0.017;17.81;-0.002
17.94;0.028;17.9;-0.037;17.93;-0.021;17.87;-0.002
17.99;0.035;17.97;-0.036;18;-0.024;17.92;-0.002
18;0.037;18.02;-0.035;18.06;-0.025;17.95;-0.002
18.07;0.043;18.09;-0.031;18.08;-0.025;18.02;-0.002
18.13;0.047;18.1;-0.03;18.1;-0.025;18.08;-0.002
18.15;0.048;18.16;-0.026;18.17;-0.025;18.11;-0.002
18.22;0.049;18.22;-0.02;18.21;-0.024;18.17;-0.002
18.27;0.05;18.27;-0.015;18.25;-0.023;18.21;-0.002
18.3;0.05;18.33;-0.009;18.32;-0.02;18.26;-0.001
18.37;0.048;18.35;-0.007;18.37;-0.018;18.33;-0.001
18.42;0.046;18.42;0.001;18.42;-0.015;18.36;0
18.45;0.043;18.45;0.005;18.45;-0.012;18.42;0
18.52;0.036;18.51;0.011;18.52;-0.007;18.47;0
18.55;0.032;18.57;0.018;18.57;-0.004;18.52;0.001
18.62;0.021;18.61;0.021;18.62;0;18.57;0.001
18.66;0.013;18.66;0.025;18.65;0.004;18.61;0.001
18.73;0;18.72;0.029;18.71;0.008;18.66;0.002
18.75;-0.005;18.75;0.03;18.75;0.011;18.73;0.002
18.82;-0.017;18.84;0.032;18.83;0.016;18.77;0.002
18.88;-0.027;18.87;0.032;18.85;0.018;18.81;0.002
18.9;-0.031;18.93;0.032;18.92;0.021;18.86;0.002
18.98;-0.041;18.96;0.031;18.95;0.022;18.92;0.002
19;-0.044;19.01;0.029;19;0.024;18.96;0.002
19.05;-0.048;19.07;0.026;19.07;0.024;19.03;0.002
19.12;-0.053;19.1;0.023;19.14;0.024;19.07;0.002
19.16;-0.054;19.17;0.018;19.15;0.024;19.1;0.002
19.2;-0.055;19.22;0.013;19.21;0.023;19.17;0.002
19.3;-0.054;19.29;0.005;19.27;0.02;19.22;0.001
19.34;-0.053;19.31;0.003;19.31;0.018;19.25;0.001
19.35;-0.052;19.37;-0.004;19.36;0.016;19.31;0.001
19.42;-0.047;19.4;-0.007;19.43;0.012;19.35;0.001
19.47;-0.043;19.47;-0.014;19.46;0.009;19.43;0
19.5;-0.039;19.52;-0.019;19.51;0.005;19.45;0
19.57;-0.03;19.57;-0.023;19.56;0.002;19.51;0
19.6;-0.024;19.64;-0.028;19.6;-0.001;19.57;0
19.67;-0.013;19.67;-0.03;19.66;-0.006;19.62;0
19.72;-0.002;19.71;-0.032;19.71;-0.009;19.67;0
19.75;0.004;19.76;-0.033;19.77;-0.013;19.71;0
19.8;0.013;19.82;-0.034;19.8;-0.014;19.75;0
19.89;0.028;19.87;-0.034;19.86;-0.017;19.81;0
19.94;0.035;19.93;-0.033;19.92;-0.019;19.86;0
19.95;0.036;19.96;-0.032;19.95;-0.02;19.91;0
20.02;0.043;20;-0.03;20.02;-0.021;19.95;0
20.08;0.046;20.11;-0.023;20.07;-0.021;20.02;0
20.15;0.048;20.12;-0.023;20.11;-0.021;20.08;0
20.17;0.048;20.15;-0.02;20.16;-0.02;20.1;0
20.22;0.049;20.22;-0.014;20.22;-0.018;20.17;0
20.25;0.048;20.26;-0.01;20.25;-0.017;20.22;0
20.33;0.045;20.32;-0.003;20.3;-0.015;20.25;0
20.38;0.043;20.38;0.004;20.36;-0.012;20.31;0
20.44;0.037;20.4;0.006;20.41;-0.008;20.37;0
20.46;0.034;20.47;0.013;20.46;-0.006;20.41;0
20.54;0.024;20.5;0.016;20.5;-0.003;20.46;0
20.55;0.021;20.58;0.021;20.55;0;20.51;0
20.62;0.01;20.6;0.023;20.62;0.005;20.57;0
20.68;-0.003;20.67;0.027;20.66;0.008;20.63;0
20.7;-0.006;20.72;0.029;20.73;0.012;20.65;0
20.77;-0.019;20.76;0.029;20.75;0.013;20.73;0
20.84;-0.03;20.82;0.029;20.86;0.018;20.75;0
20.86;-0.032;20.86;0.029;20.88;0.018;20.82;0
20.91;-0.039;20.92;0.028;20.9;0.019;20.86;0
20.96;-0.044;20.97;0.026;20.96;0.02;20.9;0
21;-0.047;21.02;0.023;21.02;0.02;20.96;0
21.07;-0.051;21.08;0.019;21.08;0.02;21.03;0
21.11;-0.052;21.1;0.017;21.12;0.02;21.06;0
21.15;-0.053;21.16;0.011;21.16;0.018;21.12;0
21.22;-0.052;21.22;0.006;21.22;0.016;21.15;0
21.29;-0.05;21.25;0.003;21.26;0.015;21.23;0
21.3;-0.049;21.32;-0.004;21.31;0.012;21.27;0
21.37;-0.045;21.37;-0.01;21.36;0.01;21.31;0
21.4;-0.041;21.4;-0.013;21.41;0.007;21.37;0
21.46;-0.035;21.46;-0.018;21.46;0.004;21.43;0
21.52;-0.026;21.52;-0.022;21.52;0;21.46;0
21.55;-0.021;21.59;-0.027;21.57;-0.003;21.53;0
21.62;-0.011;21.64;-0.029;21.61;-0.005;21.58;0
21.68;0.001;21.68;-0.031;21.65;-0.008;21.62;0
21.7;0.005;21.73;-0.031;21.74;-0.012;21.66;0
21.77;0.018;21.75;-0.031;21.77;-0.013;21.73;0
21.8;0.023;21.8;-0.032;21.8;-0.014;21.76;0
21.87;0.032;21.87;-0.031;21.86;-0.016;21.81;0
21.91;0.037;21.9;-0.029;21.92;-0.017;21.88;0
21.98;0.042;21.98;-0.026;21.95;-0.017;21.9;0
22;0.043;22.01;-0.024;22;-0.017;21.96;0
22.07;0.046;22.07;-0.02;22.06;-0.017;22.03;0
22.12;0.047;22.1;-0.017;22.13;-0.016;22.06;0
22.15;0.047;22.16;-0.012;22.15;-0.015;22.12;0
22.21;0.046;22.23;-0.005;22.22;-0.012;22.17;0
22.27;0.044;22.25;-0.003;22.26;-0.011;22.2;0
22.31;0.042;22.35;0.006;22.34;-0.008;22.27;0
22.37;0.037;22.39;0.009;22.38;-0.005;22.32;0
22.43;0.03;22.4;0.011;22.44;-0.002;22.38;0
22.48;0.023;22.47;0.016;22.45;-0.002;22.41;0
22.54;0.013;22.52;0.02;22.5;0.002;22.46;0
22.55;0.01;22.57;0.023;22.57;0.005;22.53;0
22.62;-0.001;22.62;0.025;22.61;0.007;22.58;0
22.67;-0.011;22.66;0.026;22.66;0.009;22.62;0
22.72;-0.018;22.7;0.027;22.7;0.011;22.66;0
22.77;-0.027;22.76;0.027;22.75;0.013;22.73;0
22.8;-0.031;22.82;0.027;22.82;0.015;22.76;0
22.85;-0.037;22.87;0.025;22.87;0.016;22.82;0
22.92;-0.043;22.9;0.024;22.9;0.016;22.87;0
22.97;-0.047;22.96;0.021;22.96;0.016;22.9;0
23;-0.049;23.02;0.017;23.02;0.016;22.97;0
23.08;-0.051;23.05;0.014;23.08;0.015;23;0
23.1;-0.051;23.12;0.009;23.1;0.015;23.06;0
23.15;-0.051;23.18;0.003;23.17;0.013;23.12;0
23.22;-0.049;23.22;-0.001;23.2;0.012;23.17;0
23.25;-0.047;23.29;-0.007;23.27;0.009;23.22;0
23.3;-0.043;23.34;-0.011;23.32;0.007;23.27;0
23.37;-0.037;23.38;-0.015;23.36;0.005;23.31;0
23.42;-0.031;23.44;-0.019;23.41;0.002;23.37;0
23.45;-0.027;23.45;-0.02;23.47;0;23.42;0
23.52;-0.016;23.52;-0.024;23.5;-0.002;23.47;0
23.55;-0.011;23.58;-0.027;23.58;-0.006;23.51;0
23.62;0.001;23.6;-0.027;23.63;-0.008;23.57;0
23.65;0.007;23.67;-0.029;23.65;-0.008;23.63;0
23.7;0.015;23.7;-0.029;23.71;-0.01;23.65;0
23.78;0.027;23.77;-0.029;23.77;-0.012;23.73;0
23.8;0.029;23.82;-0.028;23.84;-0.013;23.75;0
23.87;0.036;23.85;-0.027;23.85;-0.013;23.82;0
23.92;0.041;23.9;-0.025;23.93;-0.014;23.86;0
23.95;0.042;23.95;-0.022;23.95;-0.014;23.9;0
24.02;0.045;24;-0.019;24.02;-0.013;23.96;0
24.05;0.045;24.08;-0.013;24.07;-0.012;24.03;0
24.11;0.045;24.11;-0.011;24.1;-0.012;24.05;0
24.17;0.044;24.17;-0.005;24.16;-0.01;24.11;0
24.23;0.041;24.2;-0.002;24.23;-0.007;24.17;0
24.26;0.039;24.27;0.003;24.28;-0.006;24.23;0
24.33;0.033;24.32;0.009;24.31;-0.004;24.27;0
24.35;0.031;24.35;0.011;24.37;-0.002;24.31;0
24.4;0.024;24.41;0.015;24.41;0;24.37;0
24.51;0.007;24.48;0.019;24.49;0.004;24.43;0
24.53;0.003;24.51;0.021;24.53;0.005;24.47;0
24.55;0;24.57;0.023;24.58;0.007;24.53;0
24.62;-0.012;24.62;0.024;24.6;0.008;24.56;0
24.67;-0.02;24.65;0.025;24.67;0.01;24.61;0
24.7;-0.024;24.73;0.025;24.7;0.011;24.66;0
24.76;-0.031;24.78;0.024;24.75;0.012;24.72;0
24.8;-0.037;24.8;0.023;24.8;0.012;24.77;0
24.91;-0.045;24.87;0.021;24.88;0.013;24.81;0
24.92;-0.045;24.93;0.017;24.9;0.013;24.86;0
24.97;-0.047;24.98;0.014;24.96;0.012;24.92;0
25.05;-0.049;25.02;0.011;25.02;0.012;24.95;0
25.06;-0.049;25.07;0.007;25.08;0.011;;
25.13;-0.047;25.11;0.004;25.13;0.01;;
25.15;-0.047;25.18;-0.002;25.18;0.008;;
25.21;-0.043;25.2;-0.004;25.2;0.007;;
25.28;-0.038;25.3;-0.012;25.26;0.005;;
25.31;-0.035;25.32;-0.014;25.33;0.003;;
25.38;-0.027;25.37;-0.017;25.35;0.002;;
25.4;-0.023;25.4;-0.019;25.42;-0.001;;
25.51;-0.007;25.48;-0.023;25.46;-0.003;;
25.54;-0.002;25.53;-0.025;25.52;-0.004;;
25.55;0;25.55;-0.025;25.57;-0.006;;
25.62;0.01;25.62;-0.027;25.6;-0.007;;
25.68;0.02;25.66;-0.027;25.66;-0.008;;
25.7;0.023;25.73;-0.026;25.71;-0.009;;
25.77;0.031;25.78;-0.025;25.76;-0.01;;
25.83;0.036;25.84;-0.023;25.83;-0.01;;
25.85;0.038;25.85;-0.022;25.85;-0.01;;
25.96;0.043;25.91;-0.019;25.91;-0.01;;
26;0.043;25.97;-0.015;25.97;-0.01;;
26;0.043;26.04;-0.01;26.01;-0.009;;
26.07;0.043;26.07;-0.008;26.05;-0.008;;
26.14;0.041;26.13;-0.003;26.12;-0.006;;
26.17;0.039;26.18;0.001;26.16;-0.005;;
26.23;0.035;26.2;0.003;26.21;-0.004;;
26.28;0.029;26.27;0.008;26.27;-0.002;;
26.32;0.026;26.3;0.01;26.33;0;;
26.37;0.019;26.37;0.015;26.38;0.002;;
26.4;0.014;26.4;0.016;26.4;0.002;;
26.47;0.003;26.47;0.019;26.46;0.004;;
26.53;-0.006;26.52;0.021;26.52;0.006;;
26.55;-0.01;26.55;0.021;26.57;0.007;;
26.62;-0.021;26.63;0.022;26.61;0.008;;
26.65;-0.024;26.68;0.022;26.66;0.009;;
26.71;-0.031;26.72;0.021;26.71;0.009;;
26.78;-0.038;26.76;0.02;26.77;0.01;;
26.8;-0.04;26.8;0.019;26.8;0.01;;
26.87;-0.044;26.87;0.015;26.86;0.01;;
26.9;-0.045;26.91;0.013;26.92;0.009;;
27.01;-0.046;26.95;0.01;26.95;0.009;;
27.03;-0.046;27;0.007;27;0.008;;
27.05;-0.045;27.07;0.002;27.07;0.007;;
27.12;-0.043;27.1;-0.001;27.11;0.006;;
27.18;-0.039;27.17;-0.006;27.16;0.004;;
27.21;-0.037;27.2;-0.008;27.21;0.003;;
27.28;-0.03;27.26;-0.012;27.31;0;;
27.3;-0.027;27.32;-0.016;27.36;-0.001;;
27.37;-0.019;27.35;-0.018;27.37;-0.001;;
27.43;-0.009;27.41;-0.021;27.43;-0.003;;
27.45;-0.006;27.47;-0.023;27.48;-0.004;;
27.52;0.005;27.52;-0.024;27.53;-0.005;;
27.57;0.013;27.6;-0.024;27.58;-0.006;;
27.6;0.017;27.63;-0.024;27.6;-0.006;;
27.66;0.025;27.67;-0.023;27.66;-0.007;;
27.73;0.032;27.7;-0.023;27.72;-0.007;;
27.75;0.033;27.76;-0.021;27.75;-0.008;;
27.82;0.038;27.82;-0.019;27.83;-0.008;;
27.88;0.041;27.89;-0.015;27.85;-0.007;;
27.94;0.041;27.92;-0.013;27.91;-0.007;;
27.97;0.041;27.97;-0.01;27.97;-0.006;;
28;0.041;28;-0.008;28;-0.005;;
28.05;0.04;28.06;-0.004;28.05;-0.004;;
28.12;0.037;28.12;0;28.12;-0.003;;
28.15;0.035;28.17;0.004;28.18;-0.002;;
28.21;0.029;28.21;0.007;28.2;-0.001;;
28.27;0.023;28.25;0.009;28.26;0;;
28.3;0.018;28.34;0.014;28.3;0.001;;
28.38;0.007;28.37;0.015;28.36;0.003;;
28.4;0.004;28.42;0.017;28.42;0.004;;
28.48;-0.007;28.45;0.018;28.45;0.004;;
28.5;-0.011;28.52;0.019;28.5;0.006;;
28.58;-0.021;28.58;0.02;28.57;0.006;;
28.6;-0.024;28.63;0.019;28.62;0.007;;
28.65;-0.03;28.67;0.019;28.65;0.007;;
28.72;-0.036;28.7;0.018;28.71;0.007;;
28.75;-0.039;28.76;0.016;28.76;0.007;;
28.81;-0.042;28.82;0.013;28.83;0.007;;
28.85;-0.043;28.88;0.009;28.85;0.007;;
28.9;-0.044;28.9;0.008;28.92;0.006;;
28.97;-0.043;28.97;0.004;28.96;0.006;;
29.03;-0.042;29;0.001;29;0.005;;
29.1;-0.038;29.06;-0.002;29.07;0.004;;
29.11;-0.037;29.12;-0.007;29.12;0.003;;
29.17;-0.033;29.17;-0.009;29.15;0.002;;
29.2;-0.03;29.24;-0.014;29.21;0.001;;
29.26;-0.024;29.28;-0.015;29.27;0;;
29.33;-0.014;29.32;-0.017;29.32;-0.001;;
29.36;-0.011;29.35;-0.019;29.35;-0.002;;
29.43;0;29.42;-0.02;29.41;-0.003;;
29.47;0.005;29.45;-0.021;29.46;-0.004;;
29.56;0.019;29.51;-0.021;29.51;-0.004;;
29.62;0.025;29.57;-0.021;29.58;-0.005;;
29.63;0.026;29.62;-0.021;29.63;-0.005;;
29.65;0.029;29.66;-0.02;29.69;-0.005;;
29.7;0.033;29.71;-0.018;29.71;-0.005;;
29.75;0.036;29.78;-0.015;29.77;-0.005;;
29.8;0.038;29.8;-0.015;29.82;-0.005;;
29.87;0.039;29.85;-0.012;29.86;-0.004;;
29.91;0.039;29.92;-0.008;29.92;-0.004;;
29.97;0.039;29.95;-0.006;29.98;-0.003;;
30.02;0.037;30;-0.003;30;-0.003;;
30.07;0.034;30.07;0.001;30.05;-0.002;;
30.1;0.032;30.12;0.004;30.1;-0.001;;
30.17;0.026;30.16;0.007;30.15;0;;
30.23;0.019;30.22;0.01;30.22;0.001;;
30.27;0.013;30.25;0.011;30.25;0.002;;
30.31;0.009;30.32;0.014;30.3;0.002;;
30.37;0;30.38;0.016;30.37;0.003;;
30.45;-0.011;30.4;0.016;30.43;0.004;;
30.46;-0.013;30.46;0.017;30.46;0.004;;
30.52;-0.02;30.52;0.017;30.52;0.004;;
30.57;-0.026;30.57;0.017;30.56;0.005;;
30.62;-0.031;30.6;0.016;30.61;0.005;;
30.66;-0.035;30.67;0.015;30.65;0.005;;
30.73;-0.039;30.7;0.013;30.71;0.005;;
30.79;-0.041;30.77;0.011;30.77;0.005;;
30.81;-0.041;30.82;0.008;30.82;0.004;;
30.88;-0.042;30.85;0.006;30.85;0.004;;
30.9;-0.042;30.92;0.003;30.93;0.004;;
30.97;-0.04;30.96;0;30.97;0.003;;
31;-0.039;31;-0.003;31;0.003;;
31.07;-0.035;31.05;-0.005;31.07;0.002;;
31.13;-0.03;31.12;-0.009;31.13;0.001;;
31.18;-0.024;31.19;-0.012;31.18;0;;
31.21;-0.021;31.24;-0.015;31.22;0;;
31.27;-0.013;31.28;-0.016;31.27;-0.001;;
31.32;-0.007;31.3;-0.017;31.3;-0.001;;
31.35;-0.003;31.38;-0.018;31.37;-0.002;;
31.42;0.007;31.4;-0.019;31.42;-0.002;;
31.45;0.011;31.5;-0.019;31.47;-0.002;;
31.52;0.02;31.53;-0.019;31.5;-0.003;;
31.57;0.024;31.57;-0.018;31.55;-0.003;;
31.6;0.028;31.62;-0.017;31.63;-0.003;;
31.66;0.032;31.67;-0.016;31.65;-0.003;;
31.72;0.035;31.7;-0.015;31.71;-0.003;;
31.75;0.037;31.76;-0.012;31.77;-0.002;;
31.8;0.037;31.82;-0.009;31.82;-0.002;;
31.88;0.037;31.85;-0.007;31.85;-0.002;;
31.93;0.037;31.91;-0.005;31.92;-0.001;;
31.96;0.035;31.95;-0.002;31.98;-0.001;;
32.03;0.031;32;0.001;32;0;;
32.07;0.028;32.05;0.003;32.05;0;;
32.1;0.025;32.12;0.007;32.12;0;;
32.18;0.017;32.15;0.008;32.19;0.001;;
32.21;0.013;32.22;0.011;32.21;0.001;;
32.28;0.004;32.29;0.013;32.28;0.002;;
32.3;0.001;32.3;0.013;32.3;0.002;;
32.38;-0.009;32.37;0.014;32.37;0.003;;
32.4;-0.013;32.4;0.015;32.43;0.003;;
32.46;-0.019;32.46;0.015;32.45;0.003;;
32.53;-0.027;32.52;0.014;32.52;0.003;;
32.55;-0.029;32.55;0.013;32.58;0.003;;
32.6;-0.033;32.6;0.012;32.6;0.003;;
32.66;-0.036;32.65;0.011;32.68;0.003;;
32.7;-0.038;32.71;0.009;32.72;0.003;;
32.77;-0.039;32.76;0.006;32.76;0.003;;
32.82;-0.04;32.82;0.003;32.82;0.002;;
32.9;-0.039;32.87;0.001;32.87;0.002;;
32.95;-0.036;32.9;0;32.91;0.002;;
33.01;-0.033;32.96;-0.003;32.97;0.001;;
33.07;-0.028;33.02;-0.006;33.01;0.001;;
33.08;-0.027;33.07;-0.008;33.05;0.001;;
33.1;-0.025;33.12;-0.011;33.12;0;;
33.23;-0.011;33.17;-0.013;33.16;0;;
33.28;-0.004;33.24;-0.015;33.21;0;;
33.35;0.005;33.28;-0.015;33.27;0;;
33.36;0.006;33.31;-0.016;33.33;-0.001;;
33.37;0.007;33.37;-0.016;33.35;-0.001;;
33.42;0.013;33.42;-0.016;33.41;-0.001;;
33.47;0.02;33.45;-0.016;33.48;-0.001;;
33.5;0.023;33.52;-0.015;33.5;-0.001;;
33.57;0.028;33.55;-0.015;33.55;-0.001;;
33.63;0.032;33.62;-0.013;33.63;-0.001;;
33.69;0.034;33.66;-0.011;33.67;-0.001;;
33.71;0.035;33.7;-0.01;33.72;-0.001;;
33.77;0.036;33.76;-0.008;33.77;0;;
33.84;0.035;33.8;-0.006;33.8;0;;
33.87;0.034;33.88;-0.002;33.88;0;;
33.92;0.032;33.92;-0.001;33.92;0;;
33.95;0.031;33.97;0.001;33.98;0;;
34.02;0.025;34;0.003;34.02;0;;
34.07;0.021;34.07;0.006;34.06;0;;
34.1;0.017;34.12;0.008;34.12;0.001;;
34.21;0.005;34.15;0.009;34.15;0.001;;
34.22;0.004;34.21;0.01;34.21;0.001;;
34.27;-0.002;34.25;0.011;34.27;0.001;;
34.32;-0.009;34.31;0.012;34.31;0.002;;
34.37;-0.014;34.37;0.012;34.39;0.002;;
34.4;-0.019;34.42;0.012;34.41;0.002;;
34.48;-0.026;34.46;0.011;34.47;0.002;;
34.5;-0.028;34.5;0.011;34.51;0.002;;
34.57;-0.032;34.57;0.009;34.57;0.002;;
34.63;-0.035;34.62;0.008;34.63;0.002;;
34.65;-0.036;34.69;0.005;34.66;0.002;;
34.71;-0.037;34.7;0.005;34.73;0.001;;
34.78;-0.037;34.77;0.002;34.75;0.001;;
34.8;-0.037;34.8;0.001;34.8;0.001;;
34.87;-0.035;34.87;-0.002;34.88;0.001;;
34.93;-0.032;34.92;-0.005;34.9;0.001;;
34.95;-0.031;34.95;-0.006;34.96;0.001;;
35.02;-0.025;35;-0.007;35.02;0;;
35.08;-0.019;35.07;-0.01;35.05;0;;
35.11;-0.017;35.15;-0.012;35.14;0;;
35.18;-0.009;35.16;-0.012;35.17;0;;
35.2;-0.006;35.22;-0.013;35.22;0;;
35.28;0.003;35.25;-0.014;35.26;0;;
35.3;0.006;35.31;-0.014;35.32;0;;
35.37;0.013;35.37;-0.014;35.37;0;;
35.43;0.021;35.42;-0.013;35.42;0;;
35.49;0.025;35.45;-0.013;35.45;0;;
35.51;0.027;35.52;-0.012;35.52;0;;
35.58;0.031;35.57;-0.011;35.57;0;;
35.6;0.031;35.6;-0.009;35.62;0;;
35.66;0.033;35.65;-0.008;35.67;0;;
35.73;0.033;35.72;-0.006;35.72;0;;
35.75;0.033;35.76;-0.004;35.77;0;;
35.81;0.032;35.82;-0.002;35.82;0;;
35.87;0.03;35.86;0;35.87;0;;
35.9;0.028;35.93;0.003;35.92;0;;
35.97;0.024;35.98;0.004;35.96;0;;
36;0.021;36.06;0.007;36.04;0;;
36.07;0.014;36.06;0.007;36.07;0;;
36.1;0.01;36.13;0.008;36.12;0;;
36.15;0.004;36.15;0.009;36.17;0;;
36.23;-0.004;36.21;0.009;36.24;0;;
36.27;-0.01;36.27;0.009;36.26;0;;
36.31;-0.013;36.32;0.01;36.32;0;;
36.37;-0.02;36.38;0.009;36.37;0;;
36.4;-0.023;36.42;0.009;36.42;0;;
36.47;-0.028;36.46;0.008;36.47;0;;
36.51;-0.031;36.52;0.007;36.52;0;;
36.55;-0.033;36.59;0.005;36.57;0;;
36.62;-0.035;36.62;0.004;36.62;0;;
36.68;-0.035;36.68;0.002;36.67;0;;
36.71;-0.035;36.73;0;36.74;0;;
36.77;-0.035;36.76;-0.001;36.77;0;;
36.83;-0.032;36.82;-0.003;36.81;0;;
36.85;-0.031;36.85;-0.004;36.85;0;;
36.92;-0.027;36.92;-0.006;36.93;0;;
36.95;-0.024;36.96;-0.007;36.97;0;;
37.03;-0.018;37;-0.009;37.01;0;;
37.07;-0.014;37.06;-0.01;37.07;0;;
37.1;-0.01;37.12;-0.011;37.12;0;;
37.15;-0.005;37.17;-0.011;37.15;0;;
37.22;0.003;37.21;-0.011;37.21;0;;
37.3;0.012;37.27;-0.012;37.27;0;;
37.31;0.013;37.33;-0.011;37.3;0;;
37.4;0.021;37.36;-0.011;37.37;0;;
37.46;0.025;37.42;-0.01;37.41;0;;
37.47;0.026;37.45;-0.01;37.45;0;;
37.54;0.029;37.52;-0.008;37.51;0;;
37.59;0.031;37.57;-0.007;37.57;0;;
37.62;0.031;37.6;-0.006;37.6;0;;
37.68;0.031;37.66;-0.004;37.67;0;;
37.71;0.031;37.7;-0.003;37.71;0;;
37.77;0.03;37.75;-0.001;37.75;0;;
37.85;0.026;37.82;0.001;37.83;0;;
37.86;0.025;37.88;0.003;37.87;0;;
37.93;0.02;37.9;0.003;37.91;0;;
37.95;0.018;37.97;0.005;37.95;0;;
38.02;0.012;38;0.005;38.01;0;;
38.05;0.008;38.06;0.006;38.07;0;;
38.1;0.003;38.12;0.007;38.12;0;;
38.17;-0.004;38.17;0.007;38.17;0;;
38.2;-0.008;38.2;0.007;38.24;0;;
38.27;-0.015;38.27;0.007;38.27;0;;
38.3;-0.018;38.32;0.007;38.31;0;;
38.35;-0.022;38.37;0.007;38.37;0;;
38.42;-0.027;38.43;0.005;38.41;0;;
38.47;-0.03;38.48;0.005;38.45;0;;
38.51;-0.031;38.52;0.003;38.51;0;;
38.55;-0.032;38.57;0.002;38.57;0;;
38.6;-0.033;38.63;0.001;38.61;0;;
38.66;-0.033;38.68;-0.001;38.67;0;;
38.72;-0.032;38.73;-0.002;38.73;0;;
38.75;-0.031;38.75;-0.003;38.75;0;;
38.82;-0.028;38.82;-0.005;38.8;0;;
38.87;-0.024;38.88;-0.006;38.87;0;;
38.93;-0.02;38.9;-0.007;38.91;0;;
38.96;-0.017;38.97;-0.008;38.95;0;;
39.02;-0.012;39;-0.009;39.01;0;;
39.05;-0.008;39.06;-0.009;39.07;0;;
39.12;-0.002;39.12;-0.01;39.12;0;;
39.18;0.005;39.15;-0.01;39.17;0;;
39.22;0.009;39.22;-0.01;39.22;0;;
39.25;0.012;39.27;-0.009;39.27;0;;
39.32;0.018;39.3;-0.009;39.32;0;;
39.38;0.022;39.37;-0.008;39.38;0;;
39.41;0.024;39.44;-0.007;39.41;0;;
39.48;0.027;39.45;-0.007;39.46;0;;
39.5;0.028;39.52;-0.005;39.5;0;;
39.58;0.029;39.57;-0.004;39.55;0;;
39.6;0.029;39.6;-0.003;39.62;0;;
39.68;0.029;39.66;-0.002;39.66;0;;
39.7;0.028;39.72;0;39.7;0;;
39.78;0.025;39.75;0.001;39.76;0;;
39.8;0.023;39.83;0.002;39.82;0;;
39.87;0.019;39.88;0.003;39.86;0;;
39.94;0.013;39.9;0.004;39.92;0;;
39.95;0.011;39.95;0.004;39.96;0;;
40.02;0.005;40.02;0.005;40;0;;
40.08;-0.001;40.05;0.005;40.05;0;;
40.1;-0.003;40.12;0.005;40.12;0;;
40.16;-0.009;40.17;0.005;40.17;0;;
40.23;-0.016;40.23;0.005;40.21;0;;
40.26;-0.018;40.25;0.005;40.26;0;;
40.33;-0.023;40.32;0.004;40.3;0;;
40.35;-0.025;40.37;0.004;40.37;0;;
40.41;-0.027;40.41;0.003;40.42;0;;
40.48;-0.03;40.47;0.002;40.47;0;;
40.5;-0.03;40.5;0.001;40.51;0;;
40.57;-0.031;40.57;0;40.57;0;;
40.64;-0.03;40.61;-0.001;40.62;0;;
40.69;-0.029;40.68;-0.003;40.67;0;;
40.73;-0.027;40.7;-0.003;40.71;0;;
40.77;-0.025;40.77;-0.005;40.77;0;;
40.8;-0.023;40.8;-0.005;40.8;0;;
40.87;-0.019;40.87;-0.006;40.87;0;;
40.93;-0.013;40.92;-0.007;40.9;0;;
40.97;-0.01;40.95;-0.007;40.97;0;;
41.01;-0.006;41.01;-0.007;41.01;0;;
41.08;0.001;41.05;-0.008;41.07;0;;
41.16;0.008;41.12;-0.008;41.13;0;;
41.22;0.013;41.16;-0.008;41.17;0;;
41.23;0.014;41.22;-0.007;41.21;0;;
41.25;0.016;41.27;-0.007;41.27;0;;
41.3;0.02;41.31;-0.007;41.3;0;;
41.37;0.023;41.37;-0.005;41.37;0;;
41.43;0.025;41.42;-0.005;41.42;0;;
41.49;0.027;41.45;-0.004;41.47;0;;
41.5;0.027;41.52;-0.003;41.53;0;;
41.57;0.027;41.55;-0.002;41.55;0;;
41.63;0.026;41.6;-0.001;41.62;0;;
41.67;0.025;41.67;0;41.68;0;;
41.73;0.022;41.7;0.001;41.72;0;;
41.75;0.021;41.75;0.001;41.78;0;;
41.82;0.017;41.82;0.002;41.8;0;;
41.87;0.013;41.87;0.003;41.87;0;;
41.9;0.009;41.9;0.003;41.92;0;;
41.97;0.004;41.96;0.003;41.97;0;;
42.03;-0.002;42.01;0.004;42.01;0;;
42.08;-0.007;42.07;0.004;42.08;0;;
42.1;-0.009;42.12;0.004;42.1;0;;
42.16;-0.014;42.17;0.003;42.18;0;;
42.23;-0.019;42.2;0.003;42.23;0;;
42.3;-0.023;42.27;0.003;42.28;0;;
42.31;-0.024;42.33;0.002;42.32;0;;
42.37;-0.026;42.35;0.001;42.37;0;;
42.4;-0.027;42.42;0.001;42.41;0;;
42.47;-0.028;42.47;0;42.47;0;;
42.52;-0.029;42.52;-0.001;42.5;0;;
42.55;-0.028;42.55;-0.002;42.55;0;;
42.63;-0.027;42.62;-0.003;42.62;0;;
42.68;-0.025;42.68;-0.004;42.67;0;;
42.7;-0.024;42.7;-0.004;42.72;0;;
42.76;-0.021;42.76;-0.005;42.75;0;;
42.8;-0.018;42.82;-0.005;42.81;0;;
42.91;-0.009;42.88;-0.006;42.87;0;;
42.92;-0.008;42.91;-0.006;42.92;0;;
42.97;-0.004;42.97;-0.006;42.98;0;;
43.06;0.003;43.01;-0.006;43.02;0;;
43.06;0.004;43.05;-0.006;43.06;0;;
43.14;0.011;43.12;-0.006;43.12;0;;
43.15;0.012;43.17;-0.005;43.18;0;;
43.21;0.016;43.2;-0.005;43.21;0;;
43.29;0.02;43.26;-0.005;43.26;0;;
43.3;0.021;43.33;-0.004;43.3;0;;
43.37;0.023;43.35;-0.004;43.37;0;;
43.42;0.025;43.41;-0.003;43.43;0;;
43.49;0.025;43.47;-0.002;43.47;0;;
43.52;0.025;43.5;-0.002;43.51;0;;
43.57;0.024;43.57;-0.001;43.57;0;;
43.61;0.023;43.62;0;43.62;0;;
43.65;0.021;43.71;0.001;43.67;0;;
43.73;0.017;43.74;0.001;43.71;0;;
43.76;0.015;43.77;0.001;43.77;0;;
43.82;0.01;43.83;0.001;43.8;0;;
43.85;0.008;43.87;0.002;43.87;0;;
43.94;0.001;43.91;0.002;43.92;0;;
44;-0.004;43.97;0.002;43.95;0;;
44.08;-0.011;44.03;0.002;44.02;0;;
44.14;-0.015;44.07;0.002;44.07;0;;
44.19;-0.019;44.13;0.001;44.1;0;;
44.2;-0.019;44.15;0.001;44.16;0;;
44.21;-0.02;44.21;0.001;44.23;0;;
44.27;-0.023;44.27;0.001;44.27;0;;
44.32;-0.024;44.32;0;44.32;0;;
44.35;-0.025;44.37;0;44.37;0;;
44.42;-0.026;44.43;-0.001;44.4;0;;
44.48;-0.026;44.45;-0.001;44.46;0;;
44.52;-0.026;44.52;-0.002;44.53;0;;
44.57;-0.025;44.57;-0.003;44.57;0;;
44.64;-0.022;44.6;-0.003;44.6;0;;
44.65;-0.021;44.68;-0.003;44.65;0;;
44.75;-0.016;44.72;-0.004;44.73;0;;
44.8;-0.012;44.77;-0.004;44.75;0;;
44.82;-0.011;44.81;-0.004;44.81;0;;
44.89;-0.005;44.88;-0.004;44.87;0;;
44.95;-0.001;44.9;-0.004;44.9;0;;
44.97;0.001;44.96;-0.004;44.96;0;;
45.02;0.005;45.02;-0.004;45.02;0;;
45.05;0.008;45.07;-0.004;45.07;0;;
45.12;0.012;45.1;-0.004;45.1;0;;
45.18;0.016;45.18;-0.003;45.18;0;;
45.2;0.017;45.23;-0.003;45.22;0;;
45.26;0.02;45.27;-0.003;45.26;0;;
45.33;0.022;45.31;-0.003;45.32;0;;
45.39;0.023;45.37;-0.002;45.37;0;;
45.42;0.023;45.4;-0.002;45.41;0;;
45.48;0.022;45.46;-0.001;45.47;0;;
45.53;0.021;45.52;-0.001;45.53;0;;
45.55;0.021;45.55;-0.001;45.57;0;;
45.62;0.018;45.62;0;45.62;0;;
45.65;0.016;45.67;0;45.67;0;;
45.72;0.012;45.7;0;45.72;0;;
45.75;0.01;45.76;0;45.75;0;;
45.86;0.002;45.83;0.001;45.81;0;;
45.89;0;45.85;0.001;45.87;0;;
45.9;-0.001;45.9;0.001;45.9;0;;
45.97;-0.007;45.98;0.001;45.96;0;;
46.03;-0.011;46.02;0;46.02;0;;
46.06;-0.013;46.05;0;46.08;0;;
46.13;-0.017;46.12;0;46.11;0;;
46.15;-0.018;46.17;0;46.18;0;;
46.22;-0.021;46.22;-0.001;46.2;0;;
46.25;-0.022;46.27;-0.001;46.27;0;;
46.31;-0.023;46.33;-0.001;46.33;0;;
46.38;-0.024;46.37;-0.001;46.37;0;;
46.4;-0.024;46.43;-0.002;46.41;0;;
46.46;-0.023;46.48;-0.002;46.46;0;;
46.54;-0.021;46.54;-0.002;46.5;0;;
46.59;-0.019;46.58;-0.003;46.55;0;;
46.61;-0.019;46.6;-0.003;46.63;0;;
46.68;-0.015;46.67;-0.003;46.67;0;;
46.7;-0.013;46.72;-0.003;46.71;0;;
46.78;-0.009;46.75;-0.003;46.77;0;;
46.82;-0.005;46.82;-0.003;46.83;0;;
46.85;-0.003;46.87;-0.003;46.87;0;;
46.9;0.001;46.93;-0.003;46.91;0;;
46.95;0.004;46.97;-0.003;46.97;0;;
47.02;0.009;47.02;-0.003;47.02;0;;
47.05;0.011;47.07;-0.003;47.05;0;;
47.12;0.014;47.12;-0.003;47.13;0;;
47.2;0.017;47.17;-0.002;47.15;0;;
47.2;0.018;47.25;-0.002;47.21;0;;
47.27;0.019;47.26;-0.002;47.27;0;;
47.3;0.02;47.32;-0.002;47.33;0;;
47.37;0.02;47.38;-0.001;47.35;0;;
47.4;0.02;47.43;-0.001;47.43;0;;
47.45;0.019;47.47;-0.001;47.47;0;;
47.5;0.018;47.53;-0.001;47.51;0;;
47.59;0.015;47.57;-0.001;47.57;0;;
47.62;0.013;47.62;-0.001;47.62;0;;
47.69;0.009;47.67;-0.001;47.65;0;;
47.7;0.008;47.73;-0.001;47.72;0;;
47.76;0.005;47.77;-0.001;47.77;0;;
47.83;0;47.81;-0.001;47.8;0;;
47.89;-0.004;47.89;-0.001;47.88;0;;
47.92;-0.007;47.94;-0.001;47.9;0;;
47.97;-0.01;47.95;-0.001;47.96;0;;
48;-0.012;48.02;-0.001;48.03;0;;
48.07;-0.015;48.07;-0.001;48.05;0;;
48.14;-0.018;48.1;-0.001;48.1;0;;
48.16;-0.019;48.17;-0.001;48.15;0;;
48.24;-0.021;48.22;-0.001;48.22;0;;
48.25;-0.021;48.26;-0.001;48.26;0;;
48.32;-0.021;48.32;-0.001;48.32;0;;
48.37;-0.021;48.38;-0.001;48.38;0;;
48.43;-0.021;48.41;-0.001;48.41;0;;
48.45;-0.02;48.48;-0.001;48.47;0;;
48.52;-0.018;48.53;-0.001;48.5;0;;
48.57;-0.015;48.56;-0.001;48.57;0;;
48.62;-0.013;48.63;-0.001;48.61;0;;
48.68;-0.01;48.67;-0.001;48.67;0;;
48.76;-0.005;48.71;-0.001;48.72;0;;
48.77;-0.005;48.79;-0.001;48.76;0;;
48.84;0;48.83;-0.001;48.82;0;;
48.85;0.001;48.87;-0.001;48.87;0;;
48.93;0.006;48.93;-0.001;48.9;0;;
48.99;0.009;48.97;-0.001;48.97;0;;
49;0.01;49;-0.001;49.03;0;;
49.06;0.013;49.06;-0.001;49.07;0;;
49.12;0.015;49.13;-0.001;49.1;0;;
49.18;0.017;49.17;-0.001;49.17;0;;
49.21;0.017;49.23;-0.001;49.22;0;;
49.28;0.018;49.27;-0.001;49.26;0;;
49.31;0.018;49.33;-0.001;49.33;0;;
49.38;0.017;49.35;-0.001;49.35;0;;
49.43;0.016;49.43;-0.001;49.43;0;;
49.45;0.016;49.45;-0.001;49.48;0;;
49.52;0.013;49.51;-0.001;49.51;0;;
49.55;0.012;49.58;-0.001;49.57;0;;
49.6;0.009;49.6;-0.001;49.63;0;;
49.66;0.006;49.67;-0.001;49.67;0;;
49.74;0.001;49.72;-0.001;49.72;0;;
49.75;0.001;49.77;-0.001;49.76;0;;
49.82;-0.004;49.8;-0.001;49.8;0;;
49.88;-0.007;49.87;-0.001;49.87;0;;
49.9;-0.009;49.92;-0.001;49.9;0;;
49.98;-0.012;49.97;-0.001;49.97;0;;
50.03;-0.015;50.01;-0.001;50.02;0;;
50.11;-0.017;50.08;-0.001;50.07;0;;
50.12;-0.018;50.14;-0.001;50.1;0;;
50.15;-0.018;50.16;-0.001;50.17;0;;
50.2;-0.019;50.22;-0.001;50.23;0;;
50.27;-0.019;50.28;-0.001;50.27;0;;
50.3;-0.019;50.3;-0.001;50.3;0;;
50.35;-0.019;50.37;-0.001;50.37;0;;
50.43;-0.017;50.42;-0.001;;;;
50.45;-0.016;50.45;-0.001;;;;
50.51;-0.014;50.53;-0.001;;;;
50.57;-0.011;50.57;-0.001;;;;
50.6;-0.009;50.63;-0.001;;;;
50.66;-0.007;50.66;-0.001;;;;
50.73;-0.003;50.73;-0.001;;;;
50.79;0.001;50.77;-0.001;;;;
50.8;0.001;50.81;-0.001;;;;
50.87;0.005;50.87;-0.001;;;;
50.93;0.008;50.93;-0.001;;;;
50.99;0.011;50.97;-0.001;;;;
51.02;0.012;51.02;-0.001;;;;
51.07;0.013;51.09;-0.001;;;;
51.1;0.014;51.13;-0.001;;;;
51.17;0.015;51.17;-0.001;;;;
51.24;0.016;51.21;-0.001;;;;
51.25;0.016;51.27;-0.001;;;;
51.32;0.015;51.3;-0.001;;;;
51.39;0.013;51.37;-0.001;;;;
51.47;0.011;51.43;-0.001;;;;
51.48;0.01;51.47;-0.001;;;;
51.5;0.009;51.53;-0.001;;;;
51.56;0.007;51.57;-0.001;;;;
51.63;0.003;51.62;-0.001;;;;
51.68;0.001;51.67;-0.001;;;;
51.71;-0.001;51.73;-0.001;;;;
51.77;-0.004;51.75;-0.001;;;;
51.83;-0.007;51.82;-0.001;;;;
51.86;-0.009;51.87;-0.001;;;;
51.93;-0.011;51.93;-0.001;;;;
51.99;-0.013;51.97;-0.001;;;;
52;-0.014;52.03;-0.001;;;;
52.08;-0.016;52.05;-0.001;;;;
52.1;-0.016;52.12;-0.001;;;;
52.16;-0.017;52.17;-0.001;;;;
52.24;-0.017;52.23;-0.001;;;;
52.26;-0.017;52.25;-0.001;;;;
52.32;-0.016;52.32;-0.001;;;;
52.35;-0.015;52.37;-0.001;;;;
52.42;-0.013;52.44;-0.001;;;;
52.45;-0.012;52.46;-0.001;;;;
52.56;-0.007;52.52;-0.001;;;;
52.59;-0.006;52.55;-0.001;;;;
52.64;-0.004;52.62;-0.001;;;;
52.67;-0.002;52.67;-0.001;;;;
52.74;0.001;52.72;-0.001;;;;
52.75;0.002;52.75;-0.001;;;;
52.82;0.005;52.81;-0.001;;;;
52.88;0.007;52.87;-0.001;;;;
52.92;0.009;52.92;-0.001;;;;
52.98;0.011;52.95;-0.001;;;;
53.06;0.012;53.01;-0.001;;;;
53.11;0.013;53.07;-0.001;;;;
53.12;0.013;53.12;-0.001;;;;
53.15;0.013;53.17;-0.001;;;;
53.22;0.013;53.23;-0.001;;;;
53.27;0.012;53.27;-0.001;;;;
53.34;0.011;53.34;-0.001;;;;
53.36;0.011;53.37;-0.001;;;;
53.42;0.009;53.44;-0.001;;;;
53.45;0.007;53.45;-0.001;;;;
53.51;0.005;53.53;-0.001;;;;
53.56;0.003;53.58;-0.001;;;;
53.6;0.001;53.62;-0.001;;;;
53.67;-0.002;53.68;-0.001;;;;
53.75;-0.006;53.7;-0.001;;;;
53.76;-0.006;53.78;-0.001;;;;
53.83;-0.009;53.82;-0.001;;;;
53.87;-0.01;53.89;-0.001;;;;
53.93;-0.012;53.9;-0.001;;;;
53.95;-0.013;53.97;-0.001;;;;
54;-0.013;54.03;-0.001;;;;
54.07;-0.014;54.06;-0.001;;;;
54.13;-0.015;54.13;-0.001;;;;
54.16;-0.015;54.15;-0.001;;;;
54.23;-0.014;54.22;-0.001;;;;
54.27;-0.013;54.27;-0.001;;;;
54.3;-0.013;54.32;-0.001;;;;
54.37;-0.011;54.37;-0.001;;;;
54.43;-0.009;54.41;-0.001;;;;
54.46;-0.007;54.47;-0.001;;;;
54.53;-0.005;54.53;-0.001;;;;
54.55;-0.004;54.57;-0.001;;;;
54.66;0;54.6;-0.001;;;;
54.68;0.001;54.69;-0.001;;;;
54.7;0.002;54.73;-0.001;;;;
54.76;0.004;54.77;-0.001;;;;
54.83;0.007;54.81;-0.001;;;;
54.87;0.008;54.87;-0.001;;;;
54.92;0.009;54.93;-0.001;;;;
54.95;0.01;54.97;-0.001;;;;
55.03;0.011;55.01;-0.001;;;;
55.08;0.011;55.07;-0.001;;;;
55.1;0.011;55.13;-0.001;;;;
55.16;0.011;;;;;;
55.23;0.01;;;;;;
55.26;0.009;;;;;;
55.33;0.007;;;;;;
55.39;0.006;;;;;;
55.42;0.005;;;;;;
55.47;0.003;;;;;;
55.53;0.001;;;;;;
55.57;-0.001;;;;;;
55.7;-0.006;;;;;;
55.73;-0.007;;;;;;
55.74;-0.007;;;;;;
55.75;-0.007;;;;;;
55.81;-0.009;;;;;;
55.87;-0.011;;;;;;
55.93;-0.011;;;;;;
55.95;-0.012;;;;;;
56.02;-0.012;;;;;;
56.07;-0.012;;;;;;
56.1;-0.012;;;;;;
56.16;-0.012;;;;;;
56.22;-0.011;;;;;;
56.28;-0.01;;;;;;
56.3;-0.009;;;;;;
56.38;-0.007;;;;;;
56.42;-0.006;;;;;;
56.48;-0.003;;;;;;
56.5;-0.003;;;;;;
56.57;0;;;;;;
56.62;0.001;;;;;;
56.67;0.003;;;;;;
56.72;0.005;;;;;;
56.75;0.005;;;;;;
56.82;0.007;;;;;;
56.92;0.009;;;;;;
56.94;0.009;;;;;;
57;0.009;;;;;;
57.02;0.009;;;;;;
57.07;0.009;;;;;;
57.1;0.009;;;;;;
57.16;0.008;;;;;;
57.2;0.007;;;;;;
57.25;0.006;;;;;;
57.33;0.004;;;;;;
57.36;0.003;;;;;;
57.44;0.001;;;;;;
57.49;-0.001;;;;;;
57.54;-0.002;;;;;;
57.56;-0.003;;;;;;
57.64;-0.005;;;;;;
57.65;-0.006;;;;;;
57.73;-0.007;;;;;;
57.79;-0.009;;;;;;
57.81;-0.009;;;;;;
57.88;-0.01;;;;;;
57.9;-0.01;;;;;;
57.96;-0.011;;;;;;
58.04;-0.011;;;;;;
58.06;-0.01;;;;;;
58.13;-0.009;;;;;;
58.15;-0.009;;;;;;
58.22;-0.008;;;;;;
58.25;-0.007;;;;;;
58.31;-0.006;;;;;;
58.37;-0.004;;;;;;
58.43;-0.003;;;;;;
58.47;-0.001;;;;;;
58.54;0.001;;;;;;
58.55;0.001;;;;;;
58.62;0.003;;;;;;
58.69;0.004;;;;;;
58.74;0.005;;;;;;
58.77;0.005;;;;;;
58.82;0.006;;;;;;
58.85;0.007;;;;;;
58.91;0.007;;;;;;
58.97;0.007;;;;;;
59.03;0.007;;;;;;
59.06;0.006;;;;;;
59.13;0.005;;;;;;
59.2;0.004;;;;;;
59.21;0.004;;;;;;
59.27;0.003;;;;;;
59.33;0.001;;;;;;
59.39;0;;;;;;
59.42;-0.001;;;;;;
59.47;-0.002;;;;;;
59.53;-0.003;;;;;;
59.58;-0.005;;;;;;
59.69;-0.007;;;;;;
59.72;-0.007;;;;;;
59.72;-0.007;;;;;;
59.77;-0.008;;;;;;
59.83;-0.008;;;;;;
59.87;-0.008;;;;;;
59.93;-0.008;;;;;;
59.96;-0.008;;;;;;
60.03;-0.008;;;;;;
60.05;-0.007;;;;;;
60.12;-0.007;;;;;;
60.17;-0.006;;;;;;
60.2;-0.005;;;;;;
60.26;-0.004;;;;;;
60.34;-0.003;;;;;;
60.4;-0.001;;;;;;
60.42;-0.001;;;;;;
60.47;0;;;;;;
60.53;0.001;;;;;;
60.59;0.003;;;;;;
60.65;0.003;;;;;;
60.66;0.004;;;;;;
60.73;0.004;;;;;;
60.78;0.005;;;;;;
60.8;0.005;;;;;;
60.88;0.005;;;;;;
60.9;0.005;;;;;;
60.96;0.005;;;;;;
61.02;0.004;;;;;;
61.05;0.004;;;;;;
61.11;0.003;;;;;;
61.18;0.002;;;;;;
61.24;0.001;;;;;;
61.25;0.001;;;;;;
61.32;-0.001;;;;;;
61.38;-0.002;;;;;;
61.44;-0.003;;;;;;
61.5;-0.004;;;;;;
61.53;-0.004;;;;;;
61.55;-0.005;;;;;;
61.61;-0.005;;;;;;
61.68;-0.006;;;;;;
61.7;-0.006;;;;;;
61.77;-0.007;;;;;;
61.83;-0.007;;;;;;
61.87;-0.007;;;;;;
61.91;-0.007;;;;;;
61.97;-0.006;;;;;;
62;-0.006;;;;;;
62.07;-0.005;;;;;;
62.13;-0.004;;;;;;
62.17;-0.003;;;;;;
62.21;-0.003;;;;;;
62.27;-0.002;;;;;;
62.33;-0.001;;;;;;
62.36;-0.001;;;;;;
62.43;0.001;;;;;;
62.49;0.001;;;;;;
62.51;0.001;;;;;;
62.58;0.002;;;;;;
62.6;0.003;;;;;;
62.67;0.003;;;;;;
62.72;0.003;;;;;;
62.76;0.003;;;;;;
62.83;0.003;;;;;;
62.85;0.003;;;;;;
62.92;0.003;;;;;;
62.97;0.002;;;;;;
63.07;0.001;;;;;;
63.08;0.001;;;;;;
63.11;0.001;;;;;;
63.17;0;;;;;;
63.24;-0.001;;;;;;
63.26;-0.001;;;;;;
63.32;-0.002;;;;;;
63.38;-0.003;;;;;;
63.4;-0.003;;;;;;
63.46;-0.003;;;;;;
63.53;-0.004;;;;;;
63.58;-0.004;;;;;;
63.61;-0.004;;;;;;
63.67;-0.005;;;;;;
63.7;-0.005;;;;;;
63.77;-0.005;;;;;;
63.82;-0.005;;;;;;
63.85;-0.005;;;;;;
63.93;-0.004;;;;;;
63.98;-0.003;;;;;;
64.04;-0.003;;;;;;
64.08;-0.003;;;;;;
64.13;-0.002;;;;;;
64.16;-0.002;;;;;;
64.22;-0.001;;;;;;
64.28;-0.001;;;;;;
64.3;-0.001;;;;;;
64.37;0;;;;;;
64.43;0.001;;;;;;
64.48;0.001;;;;;;
64.52;0.001;;;;;;
64.57;0.001;;;;;;
64.62;0.001;;;;;;
64.67;0.001;;;;;;
64.71;0.001;;;;;;
64.78;0.001;;;;;;
64.8;0.001;;;;;;
64.87;0.001;;;;;;
64.92;0.001;;;;;;
64.96;0;;;;;;
65.01;0;;;;;;
65.06;0;;;;;;
65.12;-0.001;;;;;;
65.18;-0.001;;;;;;
65.23;-0.001;;;;;;
65.26;-0.002;;;;;;
65.3;-0.002;;;;;;
65.36;-0.002;;;;;;
65.42;-0.003;;;;;;
65.49;-0.003;;;;;;
65.5;-0.003;;;;;;
65.57;-0.003;;;;;;
65.62;-0.003;;;;;;
65.67;-0.003;;;;;;
65.71;-0.003;;;;;;
65.77;-0.003;;;;;;
65.82;-0.003;;;;;;
65.85;-0.003;;;;;;
65.92;-0.002;;;;;;
65.95;-0.002;;;;;;
66.02;-0.002;;;;;;
66.07;-0.001;;;;;;
66.11;-0.001;;;;;;
66.17;-0.001;;;;;;
66.24;-0.001;;;;;;
66.26;-0.001;;;;;;
66.33;0;;;;;;
66.36;0;;;;;;
66.43;0;;;;;;
66.46;0;;;;;;
66.52;0;;;;;;
66.57;0;;;;;;
66.6;0;;;;;;
66.68;0;;;;;;
66.7;0;;;;;;
66.77;0;;;;;;
66.83;0;;;;;;
66.85;0;;;;;;
66.92;-0.001;;;;;;
66.98;-0.001;;;;;;
67.03;-0.001;;;;;;
67.07;-0.001;;;;;;
67.14;-0.001;;;;;;
67.17;-0.001;;;;;;
67.23;-0.001;;;;;;
67.26;-0.001;;;;;;
67.32;-0.002;;;;;;
67.36;-0.002;;;;;;
67.43;-0.002;;;;;;
67.46;-0.002;;;;;;
67.52;-0.002;;;;;;
67.58;-0.002;;;;;;
67.6;-0.002;;;;;;
67.67;-0.002;;;;;;
67.72;-0.002;;;;;;
67.78;-0.001;;;;;;
67.81;-0.001;;;;;;
67.88;-0.001;;;;;;
67.94;-0.001;;;;;;
67.96;-0.001;;;;;;
68.03;-0.001;;;;;;
68.05;-0.001;;;;;;
68.12;-0.001;;;;;;
68.18;-0.001;;;;;;
68.21;-0.001;;;;;;
68.27;-0.001;;;;;;
68.3;-0.001;;;;;;
68.37;-0.001;;;;;;
68.44;-0.001;;;;;;
68.46;-0.001;;;;;;
68.53;-0.001;;;;;;
68.57;-0.001;;;;;;
68.62;-0.001;;;;;;
68.65;-0.001;;;;;;
68.72;-0.001;;;;;;
68.78;-0.001;;;;;;
68.8;-0.001;;;;;;
68.87;-0.001;;;;;;
68.92;-0.001;;;;;;
68.97;-0.001;;;;;;
69.01;-0.001;;;;;;
69.07;-0.001;;;;;;
69.14;-0.001;;;;;;
69.16;-0.001;;;;;;
69.22;-0.001;;;;;;
69.27;-0.001;;;;;;
69.32;-0.001;;;;;;
69.38;-0.001;;;;;;
69.41;-0.001;;;;;;
69.47;-0.001;;;;;;
69.51;-0.001;;;;;;
69.57;-0.001;;;;;;
69.62;-0.001;;;;;;
69.69;-0.001;;;;;;
69.71;-0.001;;;;;;
69.78;-0.001;;;;;;
69.81;-0.001;;;;;;
69.87;-0.001;;;;;;
69.92;-0.001;;;;;;
69.96;-0.001;;;;;;
70.02;-0.001;;;;;;
70.05;-0.001;;;;;;
70.12;-0.001;;;;;;
70.18;-0.001;;;;;;
70.21;-0.001;;;;;;
70.26;-0.001;;;;;;
70.3;-0.001;;;;;;
70.37;-0.001;;;;;;
70.42;-0.001;;;;;;
70.46;-0.001;;;;;;
70.52;-0.001;;;;;;
70.57;-0.001;;;;;;
70.62;-0.001;;;;;;
70.67;-0.001;;;;;;
70.73;-0.001;;;;;;
70.75;-0.001;;;;;;
70.82;-0.001;;;;;;
70.88;-0.001;;;;;;
70.9;-0.001;;;;;;
70.97;-0.001;;;;;;
71.04;-0.001;;;;;;
71.09;-0.001;;;;;;
71.12;-0.001;;;;;;
71.18;-0.001;;;;;;
71.21;-0.001;;;;;;
71.27;-0.001;;;;;;
71.32;-0.001;;;;;;
71.36;-0.001;;;;;;
71.43;-0.001;;;;;;
71.46;-0.001;;;;;;
71.52;-0.001;;;;;;
71.57;-0.001;;;;;;
71.61;-0.001;;;;;;
71.68;-0.001;;;;;;
71.71;-0.001;;;;;;
71.77;-0.001;;;;;;
71.82;-0.001;;;;;;
71.87;-0.001;;;;;;
71.92;-0.001;;;;;;
71.98;-0.001;;;;;;
72;-0.001;;;;;;
72.07;-0.001;;;;;;
72.1;-0.001;;;;;;
72.16;-0.001;;;;;;
72.23;-0.001;;;;;;
72.27;-0.001;;;;;;
72.31;-0.001;;;;;;
72.37;-0.001;;;;;;
72.42;-0.001;;;;;;
72.47;-0.001;;;;;;
72.53;-0.001;;;;;;
72.58;-0.001;;;;;;
72.6;-0.001;;;;;;
72.67;-0.001;;;;;;
72.72;-0.001;;;;;;
72.78;-0.001;;;;;;
72.81;-0.001;;;;;;
72.87;-0.001;;;;;;
72.92;-0.001;;;;;;
72.98;-0.001;;;;;;
73;-0.001;;;;;;
73.07;-0.001;;;;;;
73.12;-0.001;;;;;;
73.19;-0.001;;;;;;
73.21;-0.001;;;;;;
73.28;-0.001;;;;;;
73.33;-0.001;;;;;;
73.35;-0.001;;;;;;
73.42;-0.001;;;;;;
73.48;-0.001;;;;;;
73.51;-0.001;;;;;;
73.57;-0.001;;;;;;
73.64;-0.001;;;;;;
73.67;-0.001;;;;;;
73.73;-0.001;;;;;;
73.76;-0.001;;;;;;
73.82;-0.001;;;;;;
73.89;-0.001;;;;;;
73.9;-0.001;;;;;;
73.98;-0.001;;;;;;
74.02;-0.001;;;;;;
74.06;-0.001;;;;;;
74.12;-0.001;;;;;;
74.16;-0.001;;;;;;
74.21;-0.001;;;;;;
74.27;-0.001;;;;;;
74.31;-0.001;;;;;;
74.38;-0.001;;;;;;
74.4;-0.001;;;;;;
74.46;-0.001;;;;;;
74.52;-0.001;;;;;;
74.57;-0.001;;;;;;
74.61;-0.001;;;;;;
74.68;-0.001;;;;;;
74.71;-0.001;;;;;;
74.76;-0.001;;;;;;
74.82;-0.001;;;;;;
74.86;-0.001;;;;;;
74.93;-0.001;;;;;;
74.96;-0.001;;;;;;
75.02;-0.001;;;;;;
75.09;-0.001;;;;;;
75.11;-0.001;;;;;;
75.18;-0.001;;;;;;
75.21;-0.001;;;;;;
75.27;-0.001;;;;;;
75.32;-0.001;;;;;;
75.36;-0.001;;;;;;
75.43;-0.001;;;;;;
75.48;-0.001;;;;;;
75.52;-0.001;;;;;;
75.57;-0.001;;;;;;
75.61;-0.001;;;;;;
75.68;-0.001;;;;;;
75.71;-0.001;;;;;;
75.77;-0.001;;;;;;
75.81;-0.001;;;;;;
75.87;-0.001;;;;;;
75.94;-0.001;;;;;;
75.96;-0.001;;;;;;
76.02;-0.001;;;;;;
76.07;-0.001;;;;;;
76.12;-0.001;;;;;;
76.17;-0.001;;;;;;
76.23;-0.001;;;;;;
76.26;-0.001;;;;;;
76.32;-0.001;;;;;;
76.37;-0.001;;;;;;
76.42;-0.001;;;;;;
76.48;-0.001;;;;;;
76.51;-0.001;;;;;;
76.57;-0.001;;;;;;
76.64;-0.001;;;;;;
76.66;-0.001;;;;;;
76.72;-0.001;;;;;;
76.77;-0.001;;;;;;
76.81;-0.001;;;;;;
76.87;-0.001;;;;;;
76.94;-0.001;;;;;;
76.95;-0.001;;;;;;
77.03;-0.001;;;;;;
77.07;-0.001;;;;;;
77.1;-0.001;;;;;;
77.17;-0.001;;;;;;
77.24;-0.001;;;;;;
77.26;-0.001;;;;;;
77.32;-0.001;;;;;;
77.37;-0.001;;;;;;
77.42;-0.001;;;;;;
77.49;-0.001;;;;;;
77.53;-0.001;;;;;;
77.58;-0.001;;;;;;
77.6;-0.001;;;;;;
77.67;-0.001;;;;;;
77.72;-0.001;;;;;;
77.76;-0.001;;;;;;
77.83;-0.001;;;;;;
77.85;-0.001;;;;;;
77.92;-0.001;;;;;;
77.97;-0.001;;;;;;
78.04;-0.001;;;;;;
78.07;-0.001;;;;;;
78.11;-0.001;;;;;;
78.15;-0.001;;;;;;
78.21;-0.001;;;;;;
78.27;-0.001;;;;;;
78.34;-0.001;;;;;;
78.36;-0.001;;;;;;
78.43;-0.001;;;;;;
78.47;-0.001;;;;;;
78.51;-0.001;;;;;;
78.57;-0.001;;;;;;
78.62;-0.001;;;;;;
78.66;-0.001;;;;;;
78.73;-0.001;;;;;;
78.77;-0.001;;;;;;
78.81;-0.001;;;;;;
78.89;-0.001;;;;;;
78.91;-0.001;;;;;;
78.96;-0.001;;;;;;
79.03;-0.001;;;;;;
79.06;-0.001;;;;;;
79.12;-0.001;;;;;;
79.18;-0.001;;;;;;
79.23;-0.001;;;;;;
79.26;-0.001;;;;;;
79.33;-0.001;;;;;;
79.35;-0.001;;;;;;
79.42;-0.001;;;;;;
79.48;-0.001;;;;;;
79.53;-0.001;;;;;;
79.56;-0.001;;;;;;
79.62;-0.001;;;;;;
79.67;-0.001;;;;;;
79.71;-0.001;;;;;;
79.78;-0.001;;;;;;
79.81;-0.001;;;;;;
79.87;-0.001;;;;;;
79.92;-0.001;;;;;;
79.97;-0.001;;;;;;
80.03;-0.001;;;;;;
80.09;-0.001;;;;;;
80.11;-0.001;;;;;;
80.18;-0.001;;;;;;
80.23;-0.001;;;;;;
80.26;-0.001;;;;;;
80.32;-0.001;;;;;;
80.39;-0.001;;;;;;
80.42;-0.001;;;;;;
80.48;-0.001;;;;;;
80.53;-0.001;;;;;;
80.56;-0.001;;;;;;
80.62;-0.001;;;;;;
80.69;-0.001;;;;;;
80.71;-0.001;;;;;;
80.78;-0.001;;;;;;
80.81;-0.001;;;;;;
80.87;-0.001;;;;;;
80.92;-0.001;;;;;;
80.97;-0.001;;;;;;
81.03;-0.001;;;;;;
81.08;-0.001;;;;;;
81.11;-0.001;;;;;;
81.17;-0.001;;;;;;
81.21;-0.001;;;;;;
81.26;-0.001;;;;;;
81.32;-0.001;;;;;;
81.37;-0.001;;;;;;
81.42;-0.001;;;;;;
81.46;-0.001;;;;;;
81.53;-0.001;;;;;;